lat,lng,name
39.9535582,-75.1929054,White Dog Cafe
39.94776489999999,-75.2227702,Dock Street Brewery West
39.9507723,-75.1690167,Sofitel Philadelphia at Rittenhouse Square
39.9462581,-75.1453259,Zahav
40.02057799999999,-75.1337964,Tierra Colombiana Restaurant
39.9803519,-75.1230516,Memphis Taproom
40.02254480000001,-75.2191448,Manayunk Brewing Company
39.91250189999999,-75.1839499,Penrose Hotel Philadelphia
39.8770699,-75.2405638,Earl of Sandwich
39.9558695,-75.2019129,Distrito
39.9599691,-75.1906236,Sabrina's Cafe
40.0035603,-75.22430520000002,Olive Garden Italian Restaurant
39.9690372,-75.134323,Johnny Brenda's
39.960273,-75.16870639999999,Sabrina's Cafe & Spencer's Too
39.9685125,-75.178553,Figs
40.0542329,-75.21818789999999,Valley Green Inn
40.0295,-75.2059752,Dalessandro's Steaks
40.0591514,-75.1904672,Earth Bread + Brewery
40.0273254,-75.0600335,Chickie's & Pete's
40.0810767,-75.0384782,Big Daddy Pizza
40.04560600000001,-75.06089000000001,Steve's Prince of Steaks
40.0767007,-75.1286286,Szechuan Mandarin
40.0909779,-74.9392812,Golden Corral Buffet & Grill
40.1354545,-74.97964379999999,Toscana 52
40.0794488,-75.02537749999999,Nifty Fifty's (Northeast Philadelphia)
40.028605,-75.026978,Sweet Lucy's Smokehouse
40.05504009999999,-75.1259329,Cafe Soho
39.96527779999999,-75.2752778,Pica's Restaurant of Upper Darby
40.08724759999999,-75.03991479999999,Dolce Pizza Ristorante
40.150178,-74.999105,Bowlero Feasterville
39.949831,-75.1732573,The Rittenhouse Hotel
40.0079121,-75.2111218,TGI Fridays
39.9804768,-75.1130069,Tacconelli's Pizza
40.082019,-75.170987,Rita's Italian Ice & Frozen Custard
40.07854100000001,-75.031967,Olive Garden Italian Restaurant
40.0445448,-75.0917335,Subway
40.053855,-74.9839582,Three Monkeys Cafe
39.92107540000001,-75.1450699,John's Roast Pork
40.0634151,-75.1530969,Relish
39.9520673,-75.1851726,World Cafe Live Philadelphia
40.092,-74.96124000000002,Dave & Buster's
39.9549347,-75.2074114,The Restaurant School at Walnut Hill College
39.9507554,-75.1637453,The Capital Grille
40.0384672,-75.1242852,Seorabol Restaurant
40.0161021,-75.17307199999999,Jeffreys
39.91167929999999,-75.174641,Chickie's & Pete's
39.8749291,-75.2438813,Cibo Bistro & Wine Bar
39.887789,-75.247,Ruby Tuesday
39.902294,-75.2419549,Subway
39.956221,-75.138577,Dave & Buster's
39.9641636,-75.1405212,Standard Tap
39.96138759999999,-75.1463394,Silk City
39.965029,-75.16105600000002,Osteria
39.9983286,-75.09381920000001,Sonic Drive-In
40.076116,-75.03137629999999,Chuck E. Cheese
40.076926,-75.1282671,Marco Polo Ristorante & Bar
39.9806746,-75.1280968,Pizza Brain
39.9688818,-75.2929719,Llanerch Diner
40.0691943,-75.1998158,CinCin Restaurant
40.0755287,-75.2794905,Spring Mill Cafe
40.0406902,-75.0758632,Picanha Brazilian Steakhouse
40.0501419,-75.0111494,The Dining Car
40.10326079999999,-75.0100961,No. 1 China
39.9531992,-75.160217,12th & Filbert
39.979115,-75.1600576,Subway
39.9116371,-75.1827325,Popi's Italian Restaurant
39.8747543,-75.24708150000001,Jack Duggan's Pub
39.90678469999999,-75.222455,The Oasis
39.9550806,-75.2117778,Saad's Halal Restaurant
40.0055149,-75.2437573,Hymie's
39.9609712,-75.1469089,Yards Brewing Company
40.0325352,-75.08453589999999,bp
40.076255,-75.084874,Moonstruck
39.9481342,-75.21693669999999,Vietnam Café
40.09165,-74.93997,Texas Roadhouse
40.1373631,-74.9646482,Chipotle Mexican Grill
39.966856,-75.3012985,Chipotle Mexican Grill
40.154461,-75.00139999999999,The Buck Hotel
39.8619306,-75.2082389,Riverwinds Restaurant
40.0752174,-75.205319,Iron Hill Brewery & Restaurant
39.9415536,-75.1493134,Jim's South St. (Jim's Steaks South Street)
40.028638,-75.058396,Red Robin Diner
40.0242573,-75.222207,Bourbon Blue
40.0856045,-75.2505247,The Persian Grille
40.0436091,-74.9896527,Maggie's Waterfront Cafe
40.0745867,-74.9676748,Champ's Pizza
40.10180479999999,-75.0283329,Benny The Bum's
40.0826462,-75.0256924,Buffalo Wild Wings
39.927216,-75.171477,South Philadelphia Tap Room
39.954101,-75.200795,Chipotle Mexican Grill
39.9501768,-75.1626101,McGillin's Olde Ale House
40.0302375,-75.1049508,IHOP
39.97683480000001,-75.1272262,Loco Pez
39.98272,-75.15014599999999,City Gourmet
39.99925229999999,-75.13340529999999,Freddy & Tony's Restaurant
40.00736790000001,-75.1913471,Trolley Car Cafe
39.9123934,-75.1827023,Penrose Diner
39.88058290000001,-75.2384829,Good 2 Go
39.9513999,-75.17377379999999,Village Whiskey
40.005138,-75.23992199999999,Starbucks
40.0291925,-75.2062344,Chubby's Steaks
40.0766021,-75.1288415,Tiffin Indian Cuisine Elkins Park
39.9386112,-75.27196880000001,Papa John's Pizza
40.0962645,-74.95002420000002,Bensalem Township Country Club
40.13607289999999,-74.96421219999999,Red Robin Gourmet Burgers and Brews
39.9670667,-75.1733,Jack's Firehouse
40.0726573,-75.03403279999999,Las Margaritas
40.0024476,-75.2768483,Sang Kee Asian Bistro
39.96388890000001,-75.1444444,Honey's Sit 'n Eat
39.99728200000001,-75.0927623,Chick-fil-A
40.02206549999999,-75.0400844,Curran's Irish Inn
40.0264687,-75.232111,La Collina
40.0694026,-75.2399362,Pina's Pizza
40.04874,-75.062068,Nick's Roast Beef
39.986325,-75.231815,Pete's Pizza
39.9539708,-75.19603699999999,Pod
40.055581,-75.1580079,BP
40.101395,-75.0286053,Subway
39.924844,-75.1720672,Melrose Diner
39.948655,-75.144893,Amada
40.0315704,-75.1038361,Pho 75
39.982431,-75.127061,Philadelphia Brewing Co
39.99157020000001,-75.1380491,Popeyes Louisiana Kitchen
40.035719,-75.17425899999999,Mr Hook Fish & Chicken
39.94970199999999,-75.1617703,El Vez
40.00263229999999,-75.2227973,Boston Market
40.024735,-75.2222673,Winnie's Manayunk
40.07641359999999,-75.1286915,Subway
40.0878536,-75.0927524,White Elephant Restaurant
40.09520699999999,-74.94492699999999,Fishers Complex Bensalem
40.0016962,-75.2743104,Tiffin Indian Cuisine Wynnewood
39.9559106,-75.169578,City Tap House Logan Square
40.13128400000001,-75.013151,Whiskey Tango
39.94912219999999,-75.170749,Parc
39.9694715,-75.1345836,Frankford Hall
39.9942626,-75.0971982,Santucci Square Pizza V
40.0643013,-75.23740719999999,Saladworks
40.0649447,-74.9852792,Emperor's Garden Chinese
39.9600405,-75.28860019999999,Casey's Saloon & Restaurant
40.0820767,-75.17096599999999,Fresca Pizza
40.115352,-74.9590072,Carrabba's Italian Grill
39.9408402,-75.15887029999999,Morning Glory Diner
39.956727,-75.19710400000001,Han Dynasty
39.9829175,-75.1543806,The Crepe Truck Philly
40.0269444,-75.1508333,Crab Shack
40.0109907,-75.1894208,Franklin's East Falls
39.9140467,-75.1528021,Oregon Diner
39.9232783,-75.2605956,GREEN CHINA
39.99575699999999,-75.234044,Larry's Steaks
39.95280829999999,-75.2103611,Local 44
39.961304,-75.15930999999999,Prohibition Taproom
40.024521,-75.221127,Bayou Bar & Grill
40.038252,-75.101873,El Balconcito
40.07594999999999,-75.03435,Red Lobster
39.947701,-75.16812399999999,Monk's Cafe
40.03210979999999,-75.0496429,Steak & Hoagie Works-Mayfair
40.0771023,-75.20887259999999,McNally's Tavern
39.9508618,-75.1748874,Vernick Food & Drink
39.9779704,-75.15845569999999,Koja Grille
39.9840955,-75.0986868,Byrne's Tavern
40.0253927,-75.223868,Han Dynasty
40.05673529999999,-75.2363424,Maria's Ristorante on Summit
40.06798999999999,-75.00627,Brick House Bar & Grill
40.06919,-75.008099,Starbucks
39.9389267,-75.15827449999999,Sabrina's Cafe
39.931393,-75.166487,Green Eggs Cafe
39.9827216,-75.24168340000001,Papp's Pizza
40.1135346,-75.2142216,Scoogi's Classic Italian
40.0628903,-75.1369588,Ga Yeon Rice Cake
40.05163450000001,-75.010786,Domino's Pizza
40.0958009,-75.0152585,Dunkin'
40.08260930000001,-75.0229943,Subway
39.9503667,-75.163242,Lucky Strike Philadelphia
39.9798141,-75.1298205,Soup Kitchen Cafe
39.8642933,-75.144475,Club Champagne
39.876087,-75.2431336,Chick-fil-A
39.8911914,-75.2420197,Wawa
39.9146759,-75.2206181,Dunkin'
39.964654,-75.224115,Pete's Pizza
39.95416669999999,-75.2116667,Abyssinia Restaurant
39.9595196,-75.139526,Delilah's
39.9608917,-75.1712139,Pizzeria Vetri
39.9542298,-75.20148689999999,City Tap House University City
40.1043306,-74.9508776,Subway
40.07979919999999,-75.02866,Miller's Ale House - Philadelphia
39.976197,-75.30359800000001,Wawa
39.9771983,-75.11848669999999,Wawa
40.0348349,-75.0660679,Papa John's Pizza
40.0763031,-75.2062924,Cake
39.9472602,-75.1535347,Talula's Garden
39.9672651,-75.1401741,El Camino Real Restaurant
39.9946452,-75.09525409999999,Boston Market
39.93574419999999,-75.1619951,Devil's Den
39.9830842,-75.2417011,Domino's Pizza
40.0033634,-75.28372019999999,Panera Bread
40.01193599999999,-75.112366,Little Caesars Pizza
40.037429,-75.03828,Mayfair Diner
40.1017476,-75.0072138,Chickie's & Pete's
40.0956837,-74.9750493,Hong Kong Chinese Restaurant
39.9718208,-75.1286446,Interstate Drafthouse
39.9490386,-75.1471998,Buddakan
40.0070789,-75.12807099999999,Burger King
39.90076789999999,-75.1648469,Stadium Grille
39.90699549999999,-75.29173899999999,Subway
39.91781429999999,-75.2632235,Sciarrino's Pizza
39.9583179,-75.2082404,Subway
40.0012353,-75.2264677,Pei Wei Asian Diner
40.053029,-75.195697,Tiffin Indian Cuisine Mt Airy
40.05054020000001,-75.0641376,Hibachi Grill and Supreme Buffet
39.95476499999999,-75.1726711,Chima Steakhouse
40.153179,-75.00121949999999,Samarkand Steakhouse
39.8752292,-75.2131426,Fort Mifflin
40.04412779999999,-75.0530124,Four Seasons Diner Restaurant
40.015357,-75.22889599999999,Mama's Pizzeria
39.9923232,-75.0998242,Subway
39.9935894,-75.0957201,Taco Bell
40.02580499999999,-75.22425799999999,Jake's & Cooper's Wine Bar
40.08695499999999,-75.25214199999999,From The Boot
40.052031,-75.127381,Jong Ka Jib
40.04214299999999,-75.128999,Kim's Restaurant
40.0547555,-75.0080408,Cannstatter Volksfest Verein
40.1076113,-75.0273133,Mallu Cafe
40.0956204,-74.9751874,Pat's Pizzeria
39.9289027,-75.16448129999999,Cantina Los Caballitos
39.9492661,-75.15248849999999,Jones
40.0078658,-75.1924226,In Riva
39.9224792,-75.1696932,Subway
39.9993857,-75.2294404,McDonald's
39.9633766,-75.14117569999999,Circles Thai
39.96044699999999,-75.15981,Cafe Lift
39.960758,-75.1698569,Rose Tattoo Cafe
40.032167,-75.21397089999999,Zesto Pizza & Grill
40.06237429999999,-75.0837316,Mr Sushi
39.9483957,-75.21734719999999,Dahlak
39.9671692,-75.17291519999999,Urban Saloon
40.13275760000001,-75.0119661,Domenic's Pizza
39.9772515,-75.1242714,Mugshot Diner
39.9510075,-75.1707493,The Dandelion
40.00750559999999,-75.212249,Chipotle Mexican Grill
39.99508700000001,-75.09556599999999,Little Caesars Pizza
40.0263258,-75.2255354,Lucky's Last Chance
40.040592,-75.22355499999999,Wawa
40.07547599999999,-75.2057698,"Weavers Way Co-op, Chestnut Hill"
39.96119400000001,-75.279145,Painted Tea Cup
39.9998003,-75.2955258,Carlino's Market
40.123678,-74.96203299999999,Sleep Inn & Suites
40.0335107,-75.1758023,Giovanni's Pizzeria
40.03689729999999,-75.0400468,Emma's Cafe and Restaurant
39.93162999999999,-75.1663147,The Victor Café
39.95003699999999,-75.1625129,Time
40.009654,-75.195503,Slices Pizza
39.9016351,-75.1552288,Maglio Sausage Co
39.9052453,-75.27947449999999,Leo's Steak Shop
39.924676,-75.22867529999999,63rd Street Pizza
39.9534403,-75.1883722,Shake Shack
40.0435829,-75.19069669999999,Toto's Pizzeria
40.04423399999999,-75.08719219999999,Domino's Pizza
40.0813889,-75.0897222,Austrian Village Bar & Restaurant
40.08441490000001,-75.0241042,LongHorn Steakhouse
40.1472066,-74.9991976,Saladworks
40.0309657,-75.05482429999999,PrimoHoagies
39.9534817,-75.1926123,New Deck Tavern
39.94182199999999,-75.179493,The Sidecar Bar & Grille
40.028443,-75.05908699999999,Tony's Famous Tomato Pie
40.0872112,-75.2598653,Sorrento's Italian Restaurant
40.10044300000001,-75.153887,Blue Comet Bar & Grill
40.0547772,-75.004334,Wawa
40.0954051,-75.01553489999999,California Tortilla
40.085266,-74.9667043,Grand China Buffet
39.927175,-75.16679599999999,Isabella Pizza
39.9555123,-75.19858,Sitar India
39.97684720000001,-75.1277333,Cedar Point Bar & Kitchen
39.9196222,-75.1713639,L'Angolo Ristorante
39.94981020000001,-75.1475438,The Bourse
40.07261959999999,-75.19493469999999,Philly Platinum Grill
40.081728,-75.038263,Macaroni's
39.939297,-75.26498699999999,Empire Diner
40.0984196,-74.9459363,Indian Hut Bensalem
39.9489949,-75.1663033,Butcher and Singer
39.967158,-75.174916,Zorba's Tavern
39.9467243,-75.1631704,Vetri Cucina
39.9515106,-75.1737407,Tinto
39.9924676,-75.1013555,IHOP
40.08611109999999,-75.2308333,Brunos Restaurant & Catering
40.036931,-74.95352679999999,Angelo's Pizza
39.94048290000001,-75.14963259999999,Famous 4th Street Delicatessen
39.93685599999999,-75.1667638,Boot & Saddle
40.1176579,-74.9604695,Outback Steakhouse
39.9400584,-75.1578321,Ralph's Italian Restaurant
39.9553921,-75.2026195,New Delhi Indian Restaurant
40.0244899,-75.22111579999999,Cactus Cantina
39.9192109,-75.1668619,New Good Flavor
39.87589449999999,-75.243574,Shing Lee Inc
39.9496528,-75.153275,Morimoto
39.9625257,-75.1636833,Dunkin'
39.952484,-75.25749800000001,Wawa
40.10534699999999,-74.93770599999999,Old Friends Pizza
40.13745890000001,-74.9572329,On The Border Mexican Grill & Cantina
39.9707094,-75.1601089,Cameron's Seafood
39.95396799999999,-75.17356099999999,Pagano's Market and Bar
39.9507609,-75.1703976,HipCityVeg
40.06338720000001,-75.23801759999999,Applebee's Grill + Bar
40.05037770000001,-75.00948249999999,McDonald's
40.0809194,-74.9950944,Pizza City
39.9352099,-75.15724800000001,Iztaccihuatl Restaurant
40.0671465,-75.1464731,Bruno's Pizza
39.9511265,-75.1738353,Shake Shack
39.959314,-75.286703,Starbucks
40.1368037,-74.96352739999999,Cracker Barrel Old Country Store
40.0515028,-75.1504003,Crown Fried Chicken
40.1261962,-75.0618298,Lemon Grass Thai
40.0859595,-74.9711521,Joe Santucci's Square Pizza Bar & Grill
39.9279835,-75.1658834,Marra's
40.02735300000001,-75.154005,Vernie's Soul Food Inc
39.9209271,-75.1733058,PrimoHoagies
39.9307946,-75.2276433,McDonald's
40.0540932,-75.0704526,Country Club Diner
39.94051899999999,-75.260727,Pizza Paradise
39.95437099999999,-75.1667271,Tir na nOg Irish Bar & Grill
40.1478306,-75.0027861,Hong Kong King Buffet
39.8758249,-75.2416381,Sky Asian Bistro
40.0768783,-75.2065574,Top of the Hill Cafe
39.94875880000001,-75.1662235,Good Dog Bar
40.0295116,-75.0583838,Montesini Pizza
40.06971799999999,-75.24045,Rita's Italian Ice & Frozen Custard
40.074489,-75.03173300000002,Paddy Whacks Irish Sports Pub - Welsh Road
40.0377,-74.95865599999999,Franco's Taqueria
39.91844649999999,-75.1874603,Chili's Grill & Bar
39.9559266,-75.19059,Landmark Americana University City
40.13325330000001,-75.0098797,Pho Palace
39.9564611,-75.2064694,Kabobeesh
39.951903,-75.170445,The Continental Mid-town
40.01495139999999,-75.10884829999999,Beijing Restaurant
39.922536,-75.169867,Starbucks
39.9181667,-75.2652607,Dunkin'
39.9568556,-75.2104148,"Kaffa Crossing Ethiopian Restaurant, Bar & Cafe"
40.018596,-75.212808,Dawson Street Pub
40.0383245,-75.109107,Wendy's
40.07490310000001,-75.0842699,Wawa
40.09875479999999,-74.9485179,Shogun Japanese Hibachi & Sushi
39.9687674,-75.1807615,Trio BYOB
39.8804244,-75.23722889999999,Chipotle Mexican Grill
39.9792835,-75.1120856,Hinge Cafe
39.9532199,-75.2102465,Honest Tom's Plant Based Taco Shop
39.9648098,-75.1402408,Cantina Dos Segundos
40.04535500000001,-75.23259,Rita's Italian Ice & Frozen Custard
40.07315510000001,-75.19467159999999,New China Court
39.9343749,-75.1587416,J & J Pizza
39.9597931,-75.2875122,McDonald's
40.0456306,-75.11763289999999,China Town Restaurant
40.04492909999999,-75.1439035,Papa John's Pizza
40.0077517,-74.9809696,Subway
40.104225,-75.0007167,Steve's Prince of Steaks
39.92651499999999,-75.17377599999999,Miss Rachel's Pantry
39.9694197,-75.13204259999999,Ekta Indian Cuisine
39.91743509999999,-75.1660713,Steak 'Em-Up - South Philly
39.9832925,-75.2438158,KFC
40.0012054,-75.22712700000001,Taco Bell
40.032919,-75.21426000000001,Bob's Diner
39.9531869,-75.2029737,QDOBA Mexican Eats
39.8803748,-75.23724229999999,Tony Luke's
39.94768699999999,-75.1665446,Howl at the Moon Philadelphia
40.0171049,-75.096453,Pizza Hut
40.0443827,-75.2315826,Popeyes Louisiana Kitchen
40.07405000000001,-75.2030722,Chestnut Grill & Sidewalk Cafe
40.08933039999999,-75.1229006,The Wet Whistle Bar & Grill
40.0649092,-74.98315319999999,Dunkin'
39.91915849999999,-75.1886391,Wendy's
39.94112709999999,-75.1404787,Chart House
40.00820770000001,-75.2907797,Ardmore Station Cafe
40.110561,-75.02393300000001,Rangoli: Vibrant Flavors Of India
39.9285985,-75.165108,LaScala's Birra
39.9547693,-75.20101559999999,Blarney Stone
39.985224,-75.15602899999999,McDonald's
39.9193303,-75.1710299,Scannicchio's
39.925551,-75.234664,African Small Pot
39.9482447,-75.2072924,Mill Creek Tavern
40.0055818,-75.2405254,Saffron Indian Kitchen
39.94967860000001,-75.1435596,The Continental Restaurant and Martini Bar
39.9630934,-75.1709273,McCrossen's Tavern
39.96455050000001,-75.1660753,St. Stephen's Green
40.0094026,-75.19651929999999,Dunkin'
40.052872,-75.0648107,El Balconcito II
39.9545211,-75.1999981,Cavanaugh's Restaurant & Sports Bar
39.96770730000001,-75.14065380000001,One Shot Cafe
40.0012306,-75.2731263,Delancey Street Bagels & Cafe
40.1508825,-75.0032805,Suburban Diner Restaurant
39.8804095,-75.23753239999999,Sbarro
39.9750625,-75.1183403,Il Ghiottone
40.0346194,-75.0441021,Panda Chinese Restaurant
39.9510933,-75.177133,Tsuki Sushi - Authentic Japanese Restaurant in Philadelphia，PA
39.9494863,-75.1706341,Devon Seafood Grill
39.96444199999999,-75.20464240000001,Nii-Adu African Bukateria
40.02591819999999,-75.2250943,"Taqueria ""Feliz"" Amor"
40.0344556,-75.2159653,Roma Pizza
40.0993821,-75.15389210000001,Anne's Kitchen Table
40.091442,-75.125602,Applebee's Grill + Bar
40.064198,-74.9867884,China Gate Restaurant
39.9190222,-75.18356390000001,Uncle Oogie's Pizzeria
39.9370051,-75.15449210000001,Royal Tavern
40.104593,-75.21341199999999,Starbucks
39.9589223,-75.19066389999999,Chick-fil-A
40.095366,-75.015671,Starbucks
40.0778062,-74.9497837,Apollo's Family Pizzeria
40.0082201,-75.151168,City View Pizza and Grill
39.9179792,-75.1707493,Johnny Chang's
39.89030799999999,-75.285118,Mongolian Grill
39.9049213,-75.2929285,Double Decker Pizza
39.9031584,-75.2392083,McDonald's
39.93670600000001,-75.2188271,Baobab
40.005074,-75.2401196,Maki-San
40.0255772,-75.2221979,JD McGillicuddy's Manayunk
40.0320092,-75.2133194,Papa John's Pizza
40.0628583,-75.15181439999999,Little Caesars Pizza
39.9481853,-75.219645,The Gold Standard Cafe
40.138051,-74.96275299999999,Starbucks
39.95336,-75.1697287,Pyramid Club
39.88044259999999,-75.2377083,Far East Asian Fire
40.0355871,-75.0711465,Boston Market
39.94731,-75.16655999999999,Fox & Hound
39.951001,-75.16874,Davio's Northern Italian Steakhouse
40.0022029,-75.0940798,BFM seating
40.0257098,-75.2245626,Zesty's
40.08477430000001,-75.25058469999999,Brittingham's Pub
40.075162,-75.204506,Campbell's Place
40.095385,-75.125642,The Drake Tavern
40.081762,-75.026782,Chick-fil-A
40.0316007,-74.97313810000001,Bella Pizza Cafe
40.0798564,-74.9937551,Beijing Chinese Restaurant
39.92259149999999,-75.1848059,SQ Philip's Steaks
40.062862,-75.15187999999999,Little Caesars Pizza
39.9571241,-75.1821484,JG Domestic
39.954356,-75.202162,Hummus Grill
39.95091659999999,-75.1629711,Fogo de Chão Brazilian Steakhouse
39.9113159,-75.1753524,Celebre's Pizzeria
39.919358,-75.24574199999999,Nutritional Nest
40.005449,-75.24197,Al Dar Bistro
39.9496092,-75.1439376,Cuba Libre Restaurant & Rum Bar - Philadelphia
39.9559412,-75.1572626,Yakitori Boy
39.964673,-75.17412999999999,Umai Umai
39.9603572,-75.1692901,King of Tandoor
40.08842370000001,-74.9650182,McDonald's
39.9705501,-75.1544906,Little Caesars Pizza
39.8753695,-75.2382286,Green Leaf's - Remodeling
40.0462087,-75.0565642,Dunkin'
39.9927248,-75.1002243,Domino's Pizza
40.0697888,-75.239521,Lucky Star Asian Cuisine
40.04932919999999,-74.9894763,Wawa
39.9215927,-75.17868779999999,Tap Room On 19th
39.9742833,-75.2400809,Four Seasons Chinese and American Restaurant
39.9515214,-75.17473199999999,Helium Comedy Club - Philadelphia
40.0296357,-75.0357002,Dunkin'
39.924071,-75.23687699999999,Evelyn's Beauty Lounge (Dominican Hair Salon)
39.9338534,-75.2509462,Coconut Breeze Cuisine
39.9500919,-75.1460237,Fork
39.95775099999999,-75.1374359,Cavanaugh's River Deck
40.0679852,-75.19678499999999,Mermaid Inn
40.031687,-75.09953399999999,Subway
40.0855604,-75.0453869,Judah Mediterranean Grille
40.0865948,-75.0379488,"To-Kai Sushi, Hibachi Steakhouse and Bar"
40.0973698,-74.94542299999999,Sakura Japanese Restaurant
39.8754346,-75.23836109999999,Dunkin'
40.03951199999999,-75.056455,Dragon Phoenix House
39.9516164,-75.20332619999999,Copabanana University City
40.02344799999999,-75.07713009999999,Dunkin'
40.0863495,-75.25116729999999,Knishes and Dishes
40.100082,-75.154216,The Glenside Pub
40.0457537,-74.99418930000002,Jimmy's Timeout Sports Pub
39.9651092,-75.1389074,Jerry's Bar
40.0363962,-75.1206855,Burger King
40.0996154,-75.01006900000002,IHOP
39.95438669999999,-75.21167179999999,Meskerem Ethio
39.99907220000001,-75.16705379999999,Crown Fried Chicken
39.8862343,-75.24807489999999,Extended stay Phili
39.9174168,-75.2548425,S & S Island Cuisine
40.0319909,-75.2128426,China House
40.076366,-75.206754,Starbucks
39.978918,-75.304137,Sampan Inn
40.14898100000001,-74.997904,Panera Bread
39.8774648,-75.2405388,Chickie's and Pete's Terminal D
39.97808120000001,-75.1195199,Dunkin'
40.042507,-75.0638014,Angelos Pizza
39.9478911,-75.16138889999999,Vedge
39.9961226,-75.09286929999999,Dunkin'
40.037527,-75.280307,The Union League Guard House
40.055265,-75.0036855,Original Boston Style Pizza 2
40.04267189999999,-75.14467979999999,KFC
40.046161,-75.015163,Rita's Italian Ice & Frozen Custard
39.95000699999999,-75.1621577,Barbuzzo
39.978735,-75.159476,City View Pizza and Grill
39.8851858,-75.24866,The Bistro – Eat. Drink. Connect.®
39.92613300000001,-75.233992,Ecowas African Restaurant
39.99650450000001,-75.2371974,Wendy's
40.03191919999999,-75.21278720000001,Manhattan Bagel
40.0586217,-75.16332059999999,Checkers
40.068313,-75.09642699999999,Pita Pocket Eatery
40.1093097,-74.9510129,Asian Halal Meat Market
39.95470299999999,-75.16849619999999,Panda Express
39.87722279999999,-75.2405134,La Tapenade Mediterranean Cafe
40.00422340000001,-75.2212417,Chili's Grill & Bar
39.970654,-75.15441,Little Caesars Pizza
40.08300239999999,-75.2323942,The Cedars House
40.09019399999999,-75.1247087,Hibachi of Jenkintown
40.0647784,-74.9813015,The Taggart House
39.9244589,-75.1793062,Old Original Nick's Roast Beef
39.9419429,-75.1446869,Bistro Romano
39.9298706,-75.1629524,Fond
40.021484,-75.12223600000002,Prince Pizza
40.04357559999999,-75.01798819999999,The Buffalo House
40.12196360000001,-75.03437339999999,Golden Gates
39.97913349999999,-75.1606133,Pub Webb
39.892045,-75.2835836,Chasers Tavern
39.96708030000001,-75.1774826,Little Pete's
39.963068,-75.16444299999999,City View Pizza and Grill
40.0719077,-75.15737159999999,Crab & Claw
40.0655528,-75.083024,Quig's Pizza Steaks & Hoagie's
39.9406927,-75.2593685,Jerry's Bar
40.10680720000001,-74.9509253,Club House Diner
39.9936979,-75.2979129,Herosame
39.95295649999999,-75.1702986,Ruth's Chris Steak House
40.146852,-74.9967117,Taco Bell
39.87722279999999,-75.2405134,Bruegger's Bagels
40.0400326,-75.0662657,New England Pizza
39.94903329999999,-75.1662583,Max Brenner - Philadelphia
39.94685,-75.162217,VALANNI
39.9514814,-75.2029001,Allegro Pizza and Grill
40.00169779999999,-75.065383,Bridesburg Pizza
40.0155336,-75.0768602,China House
40.04418030000001,-75.23209969999999,New Ruby Chinese Restaurant
40.03752499999999,-75.039266,Super Star Pizza
40.0286495,-74.9803374,Dredge Harbor Cafe
40.0345864,-75.1307528,Crown Fried Chicken
40.13230190000001,-75.0108678,la casa di lucia
40.08669769999999,-74.9651221,Boston Market
39.94518389999999,-75.1628028,Sumo Sushi
39.97736829999999,-75.1350099,Buzz Cafe Philly
39.9933889,-75.1551741,Domino's Pizza
39.877889,-75.24467000000001,Aviation Grill
39.898583,-75.26691799999999,Carmichael Pizza & Steaks
39.92890149999999,-75.2293237,Dunkin'
40.032118,-75.21383999999999,Starbucks
40.0747763,-75.15786709999999,Chili's Grill & Bar
40.0324073,-75.10653959999999,McDonald's
40.0586208,-75.0784616,China King
39.9310721,-75.2885197,Clam Tavern
40.1058119,-74.9374692,Redhouse Bagels
40.1375633,-74.96313119999999,Bertucci's Italian Restaurant
40.079189,-75.02666289999999,Five Guys
39.9533601,-75.20295759999999,Greek Lady
39.8770269,-75.2405079,Currito Burrito
40.03382000000001,-75.071951,East Lake Chinese Restaurant
40.092457,-75.26153,Wawa
40.0355632,-75.2172095,Dunkin'
40.106392,-75.160741,Jerzee's Sports Bar & Pizzaria
40.0903925,-75.1270223,Joey Tate's
39.9290213,-75.151847,Grindcore House
40.1070466,-75.2137296,Halligan's Pub
40.03350369999999,-75.1308742,Dunkin'
40.1093432,-75.024766,Passage Restaurant
39.93069920000001,-75.170757,Circles Thai
40.0124637,-75.1355537,Dunkin'
39.9144517,-75.15626309999999,Dunkin'
39.8764536,-75.24736159999999,Popeyes
39.8985205,-75.2670282,Fat Belly
39.9295388,-75.2289437,pizza store
39.9516506,-75.15267829999999,Pagano's Pizzeria
39.9560158,-75.1387745,Hibachi Japanese Steakhouse & Sushi Bar
40.0575169,-75.1946237,High Point Cafe
40.07426359999999,-75.0333148,Boston Market
39.9484436,-75.2164348,Aksum
39.977526,-75.27262,Applebee's Grill + Bar
40.1519728,-75.0007941,"Wings To Go - Feasterville, PA"
39.8771354,-75.2406682,Smashburger
40.0278545,-75.0389981,P&S Ravioli Company
39.95302609999999,-75.19223149999999,Starbucks
39.956878,-75.2111716,Wah-Gi-Wah
39.96452199999999,-75.142353,Ortlieb's
39.995477,-75.10569389999999,Cibao Fried Chicken Restaurant
40.004384,-75.03668619999999,Dunkin'
40.04536,-75.232722,Tony Roni's Pizza Roxborough
40.0372093,-74.9601155,Riverside Barbecue
39.936868,-75.1564728,Bibou
40.07002749999999,-75.1575821,In & Out Pizza
39.9556727,-75.2002617,Boston Market
40.12270600000001,-75.016243,Uzbekistan Restaurant
39.94127069999999,-75.152648,Creperie Beau Monde & L'Etage
39.9170934,-75.17484979999999,City Pizza
39.905498,-75.27891730000002,Swiss Farms
39.919486,-75.2655722,Popeyes Louisiana Kitchen
39.963185,-75.16932709999999,Kansai
40.079678,-75.08842299999999,Rita's Italian Ice & Frozen Custard
40.118142,-74.953593,Chickie's & Pete's
39.9668618,-75.2439395,Gold Fish
39.95394769999999,-75.1747192,Au Bon Pain
39.8746422,-75.24103939999999,Chickie's & Pete's
39.97389829999999,-75.20457170000002,Encore
39.9880774,-75.10564719999999,Sean Thornton's Public House
39.9965752,-75.0744138,Wawa
40.026629,-75.2261019,U.S. Hotel Bar & Grill
40.05994739999999,-75.190747,Mi Puebla Restaurant & Bakery
40.0568861,-75.0141202,Dunkin'
40.068876,-75.005205,Wawa
39.9077572,-75.1888711,Subway
39.92168300000001,-75.142522,Famous Dave's Bar-B-Que
40.1235289,-75.01461789999999,Stoli's Steaks
39.92620679999999,-75.16752369999999,Tre Scalini
39.96918,-75.134637,Fette Sau
39.9515761,-75.1556396,Giovani Pizza
40.01074810000001,-75.17535840000001,Wendy's
40.03414029999999,-75.1767809,Quality Donuts
39.91142329999999,-75.1752963,Celebres Pizzeria
40.0240836,-75.2205265,Riverside Pizza
40.0758304,-75.0851789,Bishos
40.1090937,-74.9512558,Panera Bread
39.9717188,-75.1598948,KFC
39.967072,-75.171281,Fare
39.9609135,-75.26317329999999,Little Saigon
39.875986,-75.2428491,Subway
40.0779389,-75.2085034,Thai Kuu Restaurant
40.0011991,-75.076514,The Tot Cart
40.04410719999999,-75.2319308,Mister P Pizza & Pasta
40.06819,-75.006457,Crafty's Taproom
39.9418511,-75.14517769999999,The Twisted Tail
39.93030400000001,-75.158019,Cosmi's Deli
40.11149999999999,-75.023506,Wawa
40.0954957,-74.9753152,Reen's Delicatessen
39.9495556,-75.1589694,Smokin' Betty's
40.0146931,-75.1303578,Dunkin'
39.9117976,-75.1500538,Dunkin'
39.9559474,-75.227611,Golden Village
40.0384263,-75.1068332,Popeyes Louisiana Kitchen
40.07329000000001,-75.0842492,Taco Bell
39.8760328,-75.24315469999999,Geno's Steaks
39.947789,-75.193297,Jimmy John's
40.0056296,-75.2192172,Katz's Deli Kitchen
40.0026111,-75.080889,Royal Farms
40.04281349999999,-75.2264187,PTG Restaurant & Caterers
40.0905228,-75.12441249999999,Daily Grind Cafe
39.9428742,-75.1456449,Xochitl
40.0728072,-75.1550828,Chick-fil-A
40.010616,-75.257334,GIN ZA Japanese Restaurant
40.0065422,-75.2887573,Mikado Thai Pepper Restaurant
40.03957190000001,-75.0326984,Wawa
40.1235518,-75.04166049999999,Seasons Pizza
40.095946,-74.944341,Wawa
39.92635840000001,-75.1690562,Ristorante Pesto
40.01026299999999,-75.166794,Rita's Italian Ice & Frozen Custard
40.0334182,-75.176998,Popeyes Louisiana Kitchen
39.90141089999999,-75.1723336,Boardwalk Empire Fries
39.9137039,-75.24027509999999,Original Pete's Pizza & Wings
39.952118,-75.17221599999999,Devil's Alley Bar & Grill
40.0632501,-75.08600489999999,Wawa
39.98338839999999,-75.2442216,Hunan Palace
40.14929879999999,-74.9992327,Dunkin'
40.0295443,-75.0584835,Happy Wok Chinese Restaurant
40.0768716,-75.2075448,Mica
40.01533999999999,-75.06419199999999,Pete's Pizza 5
40.01866299999999,-75.2400957,Wawa
40.063816,-75.238823,McDonald's
39.941312,-75.15229599999999,Bistrot La Minette
39.9555484,-75.2026616,Pattaya Thai Cuisine
40.107425,-75.0269167,Samarqand Chayhana (Ali Baba Food Store)
39.98647950000001,-75.1559584,Peking Garden
39.8966261,-75.1754247,Bar Amis
39.9497062,-75.145652,FARMiCiA
40.06824379999999,-75.0963112,Amigos Restaurant & Pizza
40.1382965,-74.96243590000002,Chick-fil-A
39.9675162,-75.1760731,La Calaca Feliz
39.9616621,-75.26039349999999,Slices & More
40.1224251,-75.06424710000002,Heritage Hoagies
39.8753292,-75.24396569999999,Auntie Anne's Pretzels
39.975985,-75.1267718,PrimoHoagies
40.0215519,-75.05112629999999,Dunkin'
39.997257,-75.08843,Wawa
40.0106322,-75.07967119999999,Sunny's Chinese Take Out
40.0296843,-75.22859199999999,Little Joe's Pizzeria & Hoagie Shop
40.1139442,-74.9385394,La Cena Restaurant
40.050424,-74.9524244,Dunkin'
40.081031,-74.994033,Rita's Italian Ice & Frozen Custard
39.9421039,-75.1495139,Marrakesh
40.1055331,-75.0325411,Wacky Zaki's
39.9518068,-75.1672031,R2L Restaurant
39.9698718,-75.1440132,Las Cazuelas Restaurant
40.01163529999999,-75.15586449999999,Wang Wang Diner
39.900235,-75.168021,Dunkin'
39.9396551,-75.2233652,Shangri-La
39.953489,-75.192441,Baby Blues BBQ Philly
39.9486869,-75.1439231,The Plough & the Stars
40.0885488,-75.0927711,Iron Hill Brewery & Restaurant
39.9719832,-75.2446674,Lincoln Fried Chicken
40.0281896,-75.0358105,Jack's Place
40.07419239999999,-75.2023719,Ranck's Lunchmeats
39.9486858,-75.1598164,Moriarty's Restaurant
39.9551984,-75.2025639,Papa John's Pizza
39.99639130000001,-75.0897957,Wingstop
40.0160144,-75.0717233,Natasha's Caribbean Cafe
40.026576,-75.226665,Greg's Kitchen
40.0900187,-75.1251915,QDOBA Mexican Eats
40.057162,-75.028677,Rita's Italian Ice & Frozen Custard
40.0707877,-74.9663729,Rita's Italian Ice & Frozen Custard
40.0775478,-74.9912214,Snyder's Bar and Grill
39.9365228,-75.16182309999999,Nam Phuong Restaurant
40.10302719999999,-75.0305714,Suzani Palace Restaurant
39.9495449,-75.1622095,Sampan
39.99264780000001,-75.1481763,Mister Johns
39.9006566,-75.1719974,P.J. Whelihan's Pub + Restaurant [Wells Fargo Center]
39.93774809999999,-75.2552663,Crab Plus
40.088717,-75.092809,Starbucks
40.0786705,-75.0269205,Muscle Maker Grill
39.97194649999999,-75.1597573,Checkers
39.9583298,-75.2585142,Subway
39.9622,-75.1428972,Abbaye
40.1348028,-75.0080275,Dunkin'
40.0287701,-75.03916439999999,Baby Boss Pizza & Grill
40.0739062,-75.20303489999999,King's Garden
39.95236269999999,-75.1750177,PrimoHoagies
39.9939238,-75.09138879999999,East Coast Wings + Grill
40.0443341,-75.2306255,Dunkin'
40.0571065,-75.0303031,The Fresh Works
40.071713,-74.9641351,Bob Evans
40.04253490000001,-75.06323239999999,Rib Rack
39.92750129999999,-75.1659813,Stogie Joe's Tavern
39.970111,-75.14867799999999,Tiffin Indian Cuisine Philadelphia Northern Liberties 19123
39.9824287,-75.15590759999999,Subway
40.03045439999999,-75.1654369,O&M Halal
39.9011799,-75.17197159999999,Dunkin'
39.96090900000001,-75.171453,Starbucks
40.0379285,-75.1529793,Subway
40.0407791,-75.1102523,Asia Cafe
40.07706599999999,-75.085475,Hop Angel Public House
40.08683500000001,-75.038828,Shish Kabob Palace
39.95745889999999,-75.2633328,Lagos Island Pizza & Grille
40.1119194,-74.9998016,Philadelphia Ballroom
40.004501,-75.03639799999999,PURRsonal Space - South Jersey's Cat Lounge
39.95133149999999,-75.2095391,Colonial Pizza
39.94565040000001,-75.1747723,Pub & Kitchen
40.010625,-75.0855349,Balboa Catering & Supper Club at American Silk
40.0305853,-75.2256405,Raw Monje
40.079906,-74.993935,Little Caesars Pizza
40.0358258,-75.1264545,Number One Express
39.9602368,-75.2405823,Aku's Kitchen
40.044688,-75.1499089,Happy House
40.033754,-75.0720618,Pollo a la Brasa
40.10255799999999,-75.03105339999999,Tandoori Bakery
40.0849693,-74.9711646,Asian Chopsticks
39.94102309999999,-75.16085609999999,Hawthornes
39.97232089999999,-75.12566140000001,Dunkin'
40.00352839999999,-75.1655991,Dunkin'
40.022573,-75.162024,Beijing Garden
39.9040862,-75.16935889999999,PBR Philly: A Coors Banquet Bar
39.94547609999999,-75.2386267,Dunkin'
39.9498303,-75.14426379999999,Campo's Philly Cheesesteaks
39.96184899999999,-75.154375,Sazon Restaurant & Cafe
40.0493015,-75.18382679999999,Herb Scott's Catering
40.02040299999999,-75.11664700000001,Super Chinese Restaurant
40.0556732,-75.0904086,Wawa
40.08766,-75.044321,Wawa
40.0718679,-75.0304493,PrimoHoagies
39.9965678,-75.11566719999999,Laberintos De Pasion Restaurant
40.0320088,-75.05039119999999,Fresh Works of Mayfair
39.95007830000001,-75.1685167,Alma de Cuba
40.0340222,-75.2209196,Alex's Pizzeria
40.1057402,-75.1472503,Glenside Pizza
40.048234,-75.01265699999999,No. 1 China
39.9218238,-75.187855,Taco Bell
40.0742043,-75.20320319999999,Paris Bistro & Jazz Cafe
40.0995317,-75.0242045,Dunkin'
39.9521211,-75.1596227,Hard Rock Cafe
40.0079424,-75.17369939999999,Checkers
40.0158261,-75.1548359,Pulaski Hall
39.9044216,-75.1688558,1100 Social
40.0798783,-75.1735391,Wadsworth Pizzeria Inc
40.0351341,-75.1008641,Pho Viet
40.062809,-75.05751,Rita's Italian Ice & Frozen Custard
40.086014,-75.039215,Little Caesars Pizza
40.13844,-74.95799099999999,UNO Pizzeria & Grill
39.962289,-75.254054,El Sazón de Doña Eva
40.13954,-74.989001,Wawa
39.8729027,-75.2518359,Chickie's & Pete's Terminal C
40.034595,-75.04415999999999,Little Caesars Pizza
40.006231,-75.093272,Rita's Italian Ice & Frozen Custard
40.03918299999999,-75.223424,Roman’s Pizza Plus
40.0764021,-75.1596335,A J's
40.051255,-75.118065,Dunkin'
39.92198,-75.187386,Little Caesars Pizza
39.9424247,-75.1456824,Pizzeria Stella
40.0736116,-75.202635,El Poquito
40.03523299999999,-75.081746,Castor Pizza
40.009,-75.1506403,Max's Steaks
40.017847,-75.1546345,Paprika
39.924584,-75.1726758,Café y Chocolate
39.9106726,-75.27910109999999,Wawa
39.948706,-75.142687,Spasso Italian Grill
39.9552012,-75.1568535,Nan Zhou Hand Drawn Noodle House
40.0670134,-75.1780335,China Garden Restaurant
40.0641369,-75.0543771,Wawa
40.086276,-75.038102,Rita's Italian Ice & Frozen Custard
39.974822,-75.252118,Good Times Inc
40.121048,-75.05877,Wawa
40.1402438,-74.9895691,Baja Fresh Mexican Grill
39.8771354,-75.24066830000001,Maki of Japan
39.997547,-75.12016899999999,Pizza House Express
40.0346506,-75.0440235,Wing Shop
39.958284,-75.192703,Savas Brick Oven Pizza
40.0102223,-75.08888449999999,Paisa's Pizza
40.057163,-75.235693,T & F Farmers' Pride
40.1004873,-75.1525771,TreVi
39.9216779,-75.1449445,Chuck E. Cheese
40.00719419999999,-75.2893749,Hunan Restaurant
40.0734891,-75.19833129999999,Biryani Bowl Indian Cuisine
40.0354389,-75.100546,Nhu Quynh Restaurant
40.0393735,-75.0778589,Tropicana Restaurant
40.01031479999999,-75.0125442,Juanita's Mexican Cuisine
40.10065400000001,-75.0092738,MISSION BBQ
40.0746915,-74.9602941,Old Haven Pizza
40.00772260000001,-75.17450869999999,Dunkin'
40.0226533,-75.15870439999999,Sister Muhammad's Kitchen
39.9047379,-75.2821716,Danny's Luncheonette
39.9455095,-75.2242489,Pentridge Station Pop-up LLC
39.94001069999999,-75.2645589,McDonald's
39.95399299999999,-75.209746,Evans Pizza Restaurant Bar
40.0527015,-75.0804354,New Napoli Famous Pizza
40.0841667,-75.0358333,Hibachi Express
40.117886,-74.958817,Applebee's Grill + Bar
39.9763738,-75.2644621,SamandGraceWaterice
40.1455035,-74.9945146,La Vera Pizzeria & Restaurant
39.8910861,-75.26593059999999,Sparky's Cafe
39.9854649,-75.1061132,Tony's Pizzeria of Port Richmond
40.0290121,-75.05630040000001,Original Boston Style Pizza 1
39.951795,-75.1781949,Erawan Thai Cuisine
40.0145766,-75.0848185,Kesha's Kitchen
40.0277592,-75.2229021,Manayunk Chambers Guest House
40.0635765,-75.238235,Chipotle Mexican Grill
40.0957843,-75.1265428,West Avenue Grille Restaurant & Catering
40.0719169,-75.16130629999999,Talk of the Town Food Market
40.0502411,-74.9526376,Vinny's Pizza
39.9293325,-75.16395829999999,Paradiso Restaurant
39.953289,-75.17364479999999,Coventry Deli
40.0205811,-75.1181537,Pizza Point
39.9259833,-75.1678306,Le Virtù
39.945192,-75.16106,Mixto Restaurante
40.0186953,-75.1286063,A Z Gourmet
40.0196544,-75.17435859999999,2 In One Breakfast & Lunch
39.9186285,-75.171285,Caffe Chicco
39.9474222,-75.23355579999999,Crazy Grub
39.9513713,-75.1700434,Di Bruno Bros.
40.025287,-75.166968,Philly Jerk Center
40.0811389,-75.03847499999999,Suzani Restaurant
39.979081,-75.2686623,New York Pizza
39.96235899999999,-75.140787,Green Eggs Cafe
39.956841,-75.16759700000001,Shula's Steak House
40.149801,-75.0001017,Hampton House Waffles & Eatery
39.9989968,-75.1090562,Sheri's Restaurant
40.030024,-75.056179,Wawa
39.9510359,-75.1990016,Wawa
39.9482837,-75.17455199999999,Audrey Claire
40.026308,-75.225354,Sona Pub & Kitchen
40.06272740000001,-75.23727769999999,Andorra Ping Pong Chinese Restaurant
40.04163259999999,-74.95937239999999,Serrano Restaurant
39.9344368,-75.15416189999999,Pho Ha
39.9617337,-75.2403286,Fu Man Lou
40.1206573,-74.9606167,TGI Fridays
40.0726108,-75.19434079999999,Mario's Pizza
40.1044176,-75.00048439999999,The Union Tap
39.99811899999999,-75.167233,Country Cookin
39.9131738,-75.15397159999999,Banh Mi Square
39.9052042,-75.280763,Folcroft Diner
39.91698660000001,-75.2514838,Frank's Steak Shops
39.95094810000001,-75.1704175,Tria Cafe Rittenhouse
39.9564399,-75.1542511,Sang Kee Peking Duck House
39.960356,-75.169675,Kite & Key
40.04158230000001,-75.1678039,St Vincents
40.05309039999999,-75.068837,Original George's Burgers
40.1360387,-74.9574547,LongHorn Steakhouse
39.9790976,-75.2686469,Stacy's Pizza
40.1352668,-74.9835253,Global Bistro
40.00484479999999,-75.23231129999999,Pescatore BYOB
40.026436,-75.22446959999999,Franzone's Pizzeria
40.06346,-75.23670000000001,Nrgize
40.0680917,-75.1466599,Go Hyang San Chun
40.07420699999999,-74.960194,Wawa
39.9405556,-75.1458333,Fez Moroccan Restaurant
40.03430350000001,-75.13083809999999,Lucky Wok Restaurant Store
39.9514146,-75.2657834,Korean Grill House
40.0063472,-75.1501275,Hot Wok
40.01927999999999,-75.14932,Little Caesars Pizza
40.0110715,-75.1765092,Subway
39.9131306,-75.1538454,Pho Ha Saigon
39.940242,-75.261624,China King
40.0316908,-75.16783889999999,Tasties
40.0450515,-75.164513,Golden China
40.05309039999999,-75.068837,Villagio Pizza Restaurant
39.9791556,-75.26873119999999,Daniel Israel Kosher Catering
40.1490764,-74.998048,Andale Latino Grill
39.90229059999999,-75.24199949999999,Popeyes Louisiana Kitchen
39.9958699,-75.11408,Koolae Restaurant
40.0035877,-75.02118399999999,Wawa
39.9513298,-75.17767719999999,Subway
40.0688943,-75.2400451,Posh Fuel and Food
40.0469943,-75.1949396,Blunile Chefs Servsafe Training
40.0646266,-74.9871422,Artigiano Pizza
39.9182255,-75.18066619999999,Rita's Italian Ice & Frozen Custard
40.0446432,-75.1498849,New Ogontz Pizza
40.0821474,-75.188698,Rita's Italian Ice & Frozen Custard
40.0989833,-75.00343889999999,7C Lounge at FOP Lodge #5
40.084487,-74.9649608,The Beer Store Philadelphia
39.9551123,-75.2024861,Ekta Indian Cuisine
40.0087215,-75.1765174,Bakers Centre
39.914485,-75.1567616,Subway
39.9043822,-75.2827695,Wawa
39.9170588,-75.21418129999999,Gourmay Diner
39.947965,-75.2242943,Booker's Restaurant & Bar
39.9498354,-75.2332982,Sorrento Pizzeria and Grill
39.9567667,-75.2088972,Kilimandjaro
39.9522612,-75.17173939999999,Smiths Restaurant & Bar
40.0346552,-75.173003,La Rose Jazz Club
40.055491,-75.062545,Ipanema Sports Bar and Grill
39.9776992,-75.2724114,Wingstop
39.98830969999999,-75.1024157,MoJu's Family pizzeria
40.02320700000001,-75.23078,Wawa
40.0440239,-75.2272131,Bento Sushi
40.0517414,-75.15649619999999,Sugafoot Cafe'
40.0406382,-75.1438893,Domino's Pizza
40.062681,-75.193195,Jansen
40.0827367,-75.18825679999999,TOMMY D’S WYNDMOOR STEAKS AND HOAGIES
40.04399799999999,-75.10227499999999,Rita's Italian Ice & Frozen Custard
40.0756648,-74.95881159999999,Original Apple Pizza
40.0212939,-75.1490029,Taco Bell
40.0105169,-75.1769034,Wingstop
39.9161476,-75.164641,Oregon Steaks
40.0381549,-75.1769466,Tyemeka's Soul Food Restaurant
40.0280364,-75.1460816,Red Star
40.0522235,-75.06470379999999,Domino's Pizza
40.0766678,-75.0336157,Applebee's Grill + Bar
40.0893971,-74.9643512,Dunkin'
39.9797026,-75.26807629999999,Daiki Hibachi and Sushi
39.902624,-75.2404196,Wendy's
39.953808,-75.202958,Smokey Joe's
39.9482231,-75.1963792,Au Bon Pain
40.005815,-75.101674,Pizza Boli's
40.0231729,-75.0615167,Perry's Pizza
40.025762,-75.22385299999999,At Ramen MNYK
40.03599539999999,-75.2358963,Mel's Kitchen
40.06751609999999,-75.1471273,Takka Grill & Shrimpies
40.05595,-75.14137,Family Spot Jamaican Restaurant
39.9418757,-75.1518313,Tattooed Mom
40.040167,-75.057343,Wawa
40.0426126,-75.1446249,Taco Bell
39.9719444,-75.2505556,Haverford Grill & Soul
40.10570399999999,-75.213753,Rita's Italian Ice & Frozen Custard
39.9466238,-75.1609139,Tria Cafe Wash West
40.0216579,-75.1481396,Ajw Jamaican and American Restaurant
39.91535469999999,-75.1583655,San Miguelito Mexican Cuisine
39.948468,-75.2216,Penn Cafe & Pizzeria
40.02948,-75.146483,The Flavor Spot ll
40.0586111,-75.05944439999999,Espresso Cafe & Sushi Bar
40.0721062,-75.0310367,Lumpy Magee's Pub and Grub
39.9380186,-75.2719706,Crystal's Comfort Food LLC
40.08728,-74.96154,Starbucks
39.967147,-75.172299,OCF Coffee House
39.9774769,-75.2736784,Rita's Italian Ice & Frozen Custard
39.9529865,-75.1712941,Marathon Grill
40.1544339,-75.0075925,Musashi Exotic Japanese cuisine
39.9032839,-75.240646,Burger King
39.9892351,-75.2497886,DeBreaux's
39.9836925,-75.10073109999999,Wawa
40.011292,-75.09760399999999,Uncle Ralston
40.0865403,-75.2515525,Caspian Grille & Catering
40.064157,-75.153924,Holiday Pizza
40.0628347,-75.13793079999999,Sangkee Asian Kitchen
40.0399244,-74.9449891,Best Of The Wurst
39.9183372,-75.18104919999999,Asian Palace Restaurant
40.0607435,-75.0446419,Redz Bar and Grill
40.0444786,-75.0533567,McDonald's
40.0461198,-75.1440477,Chef Donte's Delicious Dishes
39.9522506,-75.1740289,El Rey
40.060808,-75.19194999999999,Wawa
40.10657949999999,-75.2138337,Wawa
40.0849452,-74.96182499999999,Popeyes Louisiana Kitchen
39.9723737,-75.1392758,Que Chula Es Puebla Inc
39.91670799999999,-75.168998,Asian Fusion & Steak
39.9085676,-75.2853913,New China Restaurant
39.92144189999999,-75.2540245,Trio Cold Cuts Yeadon
39.94847769999999,-75.2216292,Penn Fried Chicken Inc
39.9437917,-75.2464196,A TASTE O' HOME CARIBBEAN CUISINE
40.0256859,-75.2233778,Chabaa Thai Bistro
40.0295621,-75.1808491,Takka Grill & Pizza On Chelten Ave
40.0388726,-75.17760369999999,Newman's Grill
40.06010260000001,-75.16680459999999,X Mark's the Spot Bar and Grille
40.0593149,-75.1900471,Trattoria Moma
40.0214033,-75.13436829999999,Primo
40.0510992,-75.0666632,BŪCCANN
40.07428189999999,-75.0331506,Chipotle Mexican Grill
40.0876473,-74.9610288,Charleys Philly Steaks
40.0078373,-75.1419746,China Garden
39.979851,-75.2692987,Popeyes Louisiana Kitchen
39.954724,-75.16668899999999,Starbucks
39.9048951,-75.2384004,Dunkin'
40.07713020000001,-75.2089321,Tavern On the Hill
39.9482356,-75.16242129999999,Green Eggs Café
39.9644246,-75.22433210000001,Tropical Choice Jamaican & Americian Restaurant
40.04134789999999,-75.22551949999999,Daiva's Grille
40.0828668,-75.1671464,My Blue Heaven
40.0630569,-75.1376877,DuBu
39.9416636,-75.14879789999999,Ishkabibble's
39.93341539999999,-75.1588527,South Philly Bar & Grill
40.0450117,-75.0548462,Krispy krunchy Chicken
40.0433838,-75.1433673,Breakfast Boutique
40.0020339,-75.275419,Genji Express
39.96334299999999,-75.1353215,B Side Complex: Night Club and Hookah Lounge
40.0604497,-75.1915257,Jyoti Indian Bistro
40.1057795,-75.0334962,Emperor Restaurant
39.92914849999999,-75.164166,Mamma Maria Ristorante Italiano
39.9961845,-75.1537058,Vito's Pizza & Grill
39.9168348,-75.1700311,Antney's Grub
39.8918163,-75.2834742,Dunkin'
39.9537339,-75.15909409999999,Dutch Eating Place
40.0324828,-75.2144303,PrimoHoagies
40.06781,-75.179316,Rita's Italian Ice & Frozen Custard
40.0596009,-75.1907583,Cresheim Valley Grain Exchange
40.0281672,-75.13257170000001,La Caleñita Bakery & Café
40.03331650000001,-75.11603269999999,Cousins II Pizza & Grill
40.055948,-75.0738484,China Ruby
40.07380149999999,-75.0338336,Checkers
39.96533,-75.276225,Chris's Pizza & Grill
40.1211296,-74.978963,Wawa
39.8803487,-75.2372089,Au Bon Pain
39.9995597,-75.01975530000001,Franco's Cafe & Restaurant
39.9483519,-75.1663447,Fado Irish Pub
39.9850957,-75.231304,Fill your soul
40.00528679999999,-75.1028255,Wawa
39.9906417,-75.0267104,Dunkin'
40.03527779999999,-75.2177778,JD McGillicuddy's
40.0684183,-74.9701248,Luca Pizza
40.0421731,-75.02506749999999,Mojo Pizza
40.10933259999999,-75.0248344,"Restaurant ""1001 Nights"""
39.9301971,-75.163146,Stateside
39.983877,-75.10258999999999,The Dinner House
40.0123364,-75.137593,Golden House
40.0047573,-75.17984030000001,McDonald's
39.9125208,-75.1500125,Popeyes Louisiana Kitchen
39.8917242,-75.2837172,Yummy Yummy
39.940306,-75.26180099999999,Lansdowne Deli
40.02500109999999,-75.2222786,SOMO Manayunk
40.03295000000001,-75.180711,Rita's Italian Ice & Frozen Custard
40.0520776,-75.18391249999999,Macaroni's Outdoor Cafe
40.0205736,-75.1338119,Tierra Nightclub
40.021804,-75.1145612,New Supermarket
40.05019,-75.06475999999999,Little Caesars Pizza
39.965583,-75.28103399999999,Wawa
39.8806623,-75.237192,Local Tavern (Terminal F Hub)
39.987623,-75.105176,Monte Cristo Pizza & Grill
39.9490956,-75.16476759999999,XIX (Nineteen) Restaurant
39.95832899999999,-75.192871,Ed's Buffalo Wings & Pizza
40.0062978,-75.2457185,Cathy's Kitchen
39.986084,-75.2475662,Star Fusion Restaurant
40.00400339999999,-75.10363559999999,Red Central Chinese Restaurant
40.0325726,-75.2324276,The Union Tap House
40.08049999999999,-75.17299,Little Caesars Pizza
40.0611,-75.162093,crown fried chicken
40.05621399999999,-75.158939,Rita's Italian Ice & Frozen Custard
40.0550716,-75.12527109999999,China House Restaurant
39.9415831,-75.1478374,Lorenzo and Sons Pizza
39.93027779999999,-75.1627778,Black N Brew
40.05768200000001,-75.044607,Gallo's Seafood
40.040257,-75.066103,Al-Sham
39.9499611,-75.17002219999999,Pietro's Italian
40.0169936,-75.1346109,Real Taste Restaurant
40.11071400000001,-75.21201099999999,Movie Tavern Flourtown
40.1214945,-75.0160738,Cafe Michelangelo
40.01223689999999,-75.1355104,Taco Bell
39.9150335,-75.1553921,bp
39.929562,-75.22905,Pete's Pizza II
39.944189,-75.209768,Noahs Pizza
39.9493909,-75.1423166,La Famiglia Ristorante
40.024964,-75.221897,Ryan's Pub Manayunk
40.020464,-75.1337796,King's Express
40.044807,-75.08643,Little Caesars Pizza
40.0554334,-75.0626656,Cantinho Brasileiro
39.94100299999999,-75.272415,Wawa
40.095764,-74.97610999999999,Wawa
40.1448736,-74.9810986,Peppe's Mexican Grill
39.8807474,-75.23729689999999,Re:Vive
39.971495,-75.244164,Fahrenheit Smokehouse Philly
39.9865727,-75.2477847,Italian Kitchen Pizzeria II
40.07595389999999,-75.28769849999999,Cafe Quattro
40.0812303,-75.1712481,Dunkin'
40.06724319999999,-75.1339004,marco polo
40.0557845,-75.04552629999999,Johnny Famous Pizza
40.0404863,-75.01548629999999,Ashburner Inn
40.0478755,-75.0582505,Chipotle Mexican Grill
40.11234669999999,-75.21397089999999,Bella Maria's Pizzeria
40.05461,-75.19397,Evo Brick Oven Pizza
40.0383878,-75.11952149999999,Danny's Wok
40.0361818,-75.0412346,Reale's Restaurant & Bar
40.12462499999999,-75.015526,Manhattan Bagel
39.9279936,-75.1692692,Oriental Chinese Restaurant
39.9171092,-75.1748489,Philly's Best
39.95450199999999,-75.15699000000001,Bonchon Philadelphia
40.02484920000001,-75.2212095,The Couch Tomato - Catering
40.0296451,-75.1322934,El Sabor de Maria
40.03326260000001,-75.1161923,China House
40.07633659999999,-75.0859014,Bill's Old London Pizza
40.1009068,-74.9575928,Final Score Sports Bar & Grill
39.9484223,-75.1692901,The Black Sheep Pub & Restaurant
39.960828,-75.2629683,Kings and Queens African Cuisine
39.880834,-75.23729039999999,re:vive
40.069058,-75.199519,Hokka Hokka Japanese Restaurant
39.95498399999999,-75.21145,Manakeesh Cafe Bakery & Grill
39.9689165,-75.24736159999999,Four Seasons Pizza And Grill
39.9956853,-75.2426314,Einstein Bros. Bagels
39.9963881,-75.23442039999999,Starbucks
40.0078334,-75.1860604,Side of the Road Jerk Chicken
39.9696931,-75.14299609999999,Trios Fresh Italian
40.0165861,-75.0963713,Popeyes Louisiana Kitchen
40.03513719999999,-75.2178802,Barry's Steaks & Hoagies
40.0506559,-74.9997787,Dagwood's Pub
39.91865900000001,-75.1824091,Pearl of East
39.9410426,-75.1454846,Paddy Whacks Irish Sports Pub - South Street
40.0479218,-75.058459,Popeyes Louisiana Kitchen
40.03862,-75.123678,Rita's Italian Ice & Frozen Custard
40.0406355,-75.0437695,Toms Corner Grill
40.0114809,-75.13181780000001,Yokohoma Seafood
39.95283149999999,-75.1589674,Field House
39.9493489,-75.14398249999999,Bleu Martini
39.956611,-75.1462619,Radicchio Cafe
39.9563241,-75.157202,Vietnam Restaurant
40.0281841,-75.2158323,Hilltown Tavern
40.0125213,-75.1838492,Founded Coffee & Pizza
40.02142140000001,-75.1245637,Cooper’s Super Bar
40.02447799999999,-75.123547,Rita's Italian Ice & Frozen Custard
40.03594419999999,-75.1080312,Pho Ha Saigon
40.04837500000001,-75.069278,Martini Don Giovanni's
39.9528232,-75.2030626,Saxbys University of Pennsylvania
40.1009177,-74.9574319,Spice Rack
39.97945029999999,-75.1620537,Aprons
39.960828,-75.262968,Kings and Queens Liberian Cuisine
39.87772229999999,-75.236768,California Pizza Kitchen
40.07821819999999,-75.2082422,PrimoHoagies
39.997115,-75.23560599999999,Al-Sham
40.03719839999999,-75.28039629999999,Gladwyne Lunch
40.0361741,-75.0702498,Wawa
39.94187529999999,-75.15025130000001,Fat Tuesday
39.983768,-75.115549,Bentoulis Pizza
39.95536670000001,-75.1988361,Abner's Cheesesteaks
39.91804,-75.168707,SouthHouse
39.9067318,-75.28762750000001,Royal Farms
39.9171572,-75.23635209999999,China King Restaurant
39.956826,-75.22632,Festivals Restaurant & Lounge
40.0213413,-75.1242394,Rising Sun Chinese Restaurant
40.0236649,-75.12431440000002,Feltonville Express Pizza
40.03305319999999,-75.1064233,Red Wine Restaurant & Steak House
39.94659290000001,-75.2674862,Best Quality Pizza Lansdowne
39.96674240000001,-75.2837931,Napoli Pizza & Pasta
39.8781357,-75.2375749,Chickie & Petes
40.0037177,-75.0946087,Pete's Clown House
40.02927469999999,-75.22351359999999,China Wok
40.0787721,-75.1606942,Wawa
40.044533,-75.017557,Liberty Bell Diner
39.937943,-75.1582166,Villa di Roma
40.0485,-75.05749999999999,Rita's Italian Ice & Frozen Custard
40.0489636,-75.0633962,Wingstop
40.048482,-75.061678,Texas Chicken and Burgers
40.04500770000001,-75.1175037,Bbq Korean Wooga Restaurant
40.035499,-75.12479100000002,Guate Gualan Restaurant
40.10244889999999,-75.0312185,Empire sezchuan Restaurant
39.9537089,-75.1434281,Race Street Cafe
39.9623542,-75.1730244,Wawa
40.03037579999999,-75.2111484,Wendy's
40.0355654,-75.1003997,HONG PHAT RESTAURANT
39.95174530000001,-75.2389946,Golden Palace
40.1386428,-74.9538193,Friendly's
39.94848700000001,-75.16805099999999,Tequilas Restaurant / Bar
39.9791857,-75.1580796,Wendy's
39.9613427,-75.2785419,Wawa
39.88209209999999,-75.2371558,Jim's South Street Terminal C Philadelphia Airport
39.998247,-75.110621,Rosarios Chicken Mini Market
39.9531857,-75.193533,Dunkin'
40.0894928,-75.2571411,Whitemarsh Valley Inn
40.0382307,-74.9587702,China Garden
39.9248929,-75.18282359999999,Ani's Pizza & Grill
39.9380114,-75.1482209,Dmitri's
40.048558,-75.06192840000001,Kung Fu Tea
39.9521057,-75.17207259999999,Drinker's Pub
40.037378,-75.039694,Gino's Pizza Cafe
39.944008,-75.169139,Entree BYOB
39.913384,-75.27413299999999,China Moon
39.9466667,-75.14472219999999,Positano Coast by Aldo Lamberti
40.0091232,-75.19421179999999,Foghorn
40.0229993,-75.21904099999999,Craft Manayunk
40.08447159999999,-75.0937508,Domino's Pizza
39.97893810000001,-75.1588866,The Draught Horse Pub & Grill
39.9600386,-75.258214,Studio Movie Grill
39.8781616,-75.23770809999999,Chickie’s & Pete’s
39.94519469999999,-75.1770879,Honey's Sit 'N Eat
40.0189545,-75.0970683,Wawa
40.0343869,-75.2164042,Taylor's Cafe
40.0742993,-75.13233009999999,Chef Vargas
39.94105020000001,-75.145484,South Street Diner
40.0294625,-75.0360275,China Rainbow Restaurant
40.0962912,-75.01787180000001,Wit or Witout Philly Cheesesteaks
40.0876379,-74.9652981,Taco Bell
39.97503999999999,-75.11838,Eatalia
39.91879900000001,-75.1588817,Tortas and Pizza El Sabor De Mi Tierra
39.94756599999999,-75.223045,Choy Wong Kitchen
40.0098333,-75.1905,Fiorino
40.0275087,-75.20942509999999,Domino's Pizza
40.0207785,-75.1163775,Crown Fried Chicken
40.0434764,-75.103785,Crown Fried Chicken
40.0983129,-74.9483104,Hunan Delight
39.9549639,-75.13893999999999,Morgan's Pier
39.88063999999999,-75.23834,Smashburger
40.076978,-75.208592,Cosimo's Pizza Cafe
39.9731919,-75.2230046,Sweet Treat Hut
39.96415799999999,-75.05704659999999,Number 1 Chinese Restaurant
39.984956,-75.048059,Rocco's Steaks
40.0874563,-75.25275979999999,shoppers world
40.0718047,-75.12732679999999,Sicilian Trattoria
40.11165829999999,-74.95535280000001,Hong Kong Star Noodle House
40.0586176,-75.0460788,Merc Brothers Pizzeria
40.05580189999999,-75.0038016,Burger King
39.9422842,-75.1449611,Cavanaugh’s Headhouse
39.9526891,-75.17347939999999,Mama's Vegetarian
40.1090436,-75.02501699999999,Taste King Restaurant
39.92561180000001,-75.1684246,Mediterranio pizza
39.97579500000001,-75.119629,Rita's Italian Ice & Frozen Custard
39.89003559999999,-75.1776388,DiNic's Pork & Beef
39.9501647,-75.1421903,Panorama
40.029772,-75.20614599999999,Roxborough Seafood House
40.0434181,-75.10310799999999,The Globe Restaurant and Lounge
39.9527126,-75.2566329,Popeyes Louisiana Kitchen
40.0968778,-74.9461312,Sigma Hospitality
40.12512639999999,-74.9636366,Wawa
39.994117,-75.179452,Bubbas Kitchen n good eats
39.9592846,-75.258605,Maroosh Halal Cuisine
40.08738839999999,-75.0399256,Dairy Queen Ltd Brazier
40.15009999999999,-74.9760472,Osaki Japanese Cuisine
39.8780506,-75.2379723,Gachi House of Sushi & Noodles
39.9489356,-75.1759759,Friday Saturday Sunday
39.9484864,-75.1707607,Barclay Prime
40.0051086,-75.2403858,Domino's Pizza
39.9735015,-75.2194562,White Horse Tavern
40.002679,-75.22268199999999,Starbucks
39.9828811,-75.1046956,PrimoHoagies
39.9943918,-75.0969762,Wok & Roast
40.0296843,-75.22859199999999,Marathon Pizza Manayunk
40.04125459999999,-75.07591819999999,On Charcoal: Colombian Restaurant
40.110236,-74.95083799999999,Shagun palace
40.0566058,-75.0458069,Checkers
40.06721,-74.970798,The Andalusia Bar and Grill
39.98258219999999,-75.1205043,Cook and Shaker
39.9208098,-75.1587471,Cafe Vinh Long
39.948359,-75.217905,Vientiane Café
39.9622478,-75.1729739,Domino's Pizza
40.0298187,-75.0994958,Panda Express
39.95497099999999,-75.2423982,Southside Zabihah Halal Eatery
40.1013889,-74.9497222,Sofiabella Pizzeria
39.9939694,-75.14745280000001,Crown Fried Chicken
40.0326698,-75.08446719999999,Dunkin'
39.9588349,-75.2578132,IHOP
39.9642653,-75.1444248,Cafe La Maude
39.8780328,-75.238029,Subway
40.0336654,-75.0720324,The Taste of Brazil
39.948459,-75.16525519999999,Estia Restaurant
40.004628,-75.23237499999999,Bala Thai Bistro
40.0027888,-75.22244340000002,Sardi's Pollo A La Brasa - Philadelphia
40.0914238,-75.25918820000001,Amici Vicinato
40.049705,-74.9898058,Original's
39.9326909,-75.1443793,Pho Saigon
40.03611110000001,-75.04055559999999,Philomena Santucci's Square Pizza
40.0942289,-75.01665419999999,Taco Bell
39.9213543,-75.1651394,Chubbis Pizzeria
39.936386,-75.2185636,Legend Seafood Soul
39.9503308,-75.1666036,Oyster House
39.96036400000001,-75.1692333,Doma Japanese Restaurant
40.01529430000001,-75.20757909999999,Deke's Carry Out & Catering
40.0297707,-75.0993989,Domino's Pizza
39.95384689999999,-75.2578085,Dunkin'
40.125805,-74.9637,Metro Diner
40.0082985,-75.2097788,Panera Bread
39.9570742,-75.2700271,Asian Family's No.1
40.0861268,-75.0449835,Station Pizza
39.95585199999999,-75.16828799999999,Asia on the Parkway
39.875535,-75.2380349,Bar Symon
40.07117249999999,-75.2008331,Baker Street Bread Co. Cafe & Bakery
39.9516406,-75.17568159999999,Day by Day
40.002783,-75.22227,New York Bagel Cafe & Deli
40.03423159999999,-75.2191448,Adobe Cafe
40.0509724,-75.010106,Dunkin'
40.0033867,-75.2067881,Lou's Wok
40.0352778,-75.02555559999999,Al's Corner Deli and Catering Services
40.1085726,-75.02557809999999,Aldo's Pizzarama
39.89513279999999,-75.1280472,RiverPark Pub
39.9484837,-75.1441287,Rotten Ralph's
39.952062,-75.14513699999999,Starbucks
40.0290393,-75.09964599999999,Chick-fil-A at Northeast Tower Center
40.06130690000001,-75.05617509999999,New China
40.1247889,-74.96212179999999,Dunkin'
40.0027137,-75.2144372,Dunkin'
40.0084369,-75.2133115,B2 Bluefin
39.99294469999999,-75.14469,Burger King
39.9563495,-75.1747419,Pete's Famous Pizza
40.140249,-74.986297,Angela's Pizza 2
39.8758294,-75.238817,Stellar News Express
40.0036662,-75.2218454,honeygrow
39.9952415,-75.1865301,33rd Food Market
40.0112459,-75.1083295,Paradice Water Ice & Gourmet Pretzels
40.0354407,-75.2174354,Ban Bamboo
40.0746346,-74.9674917,Place One Restaurant
39.94006419999999,-75.1594444,Dante & Luigi's
40.003387,-75.206788,Beijing Panda Chinese Restaurant
39.98312,-75.123022,Thin & Crispy
39.9221978,-75.1714458,Vegan Commissary
40.0313482,-75.0923438,The Green Room LLC
39.87631940000001,-75.2394439,Mo’ Burger
40.067145,-75.19717,Yu Hsiang Garden
40.00387,-75.222084,Corner Bakery
40.035712,-75.217055,Famous Gyro
40.0651871,-74.9763996,Calabrisella
39.93808,-75.1485269,New Wave Cafe
39.93465459999999,-75.16053749999999,Slice
40.04314299999999,-75.023843,Bill's Family Pizza
40.1250287,-75.0631648,Ricardo's Restaurant
39.9767383,-75.12371209999999,Coffee House Too
39.9992599,-75.1329346,Taco Bell
39.9014315,-75.1712963,Chickie's & Pete's
39.9361373,-75.21308379999999,Panzarotti Food Truck
39.9619445,-75.2426825,Amins Pizza
39.9675657,-75.1771067,Luigi's Pizza Fresca
40.0245733,-75.2211926,Manayunk Tavern
39.989138,-75.155937,Dunkin'
39.95363270000001,-75.1695319,Good Day Eatery & Specialty Sandwiches
40.1231878,-74.9780243,Atrium Bistro
39.876324,-75.239494,Jamba PHL - Philadelphia Airport - D6
40.0349311,-75.2170593,New Ridge Brewing Co.
40.10894999999999,-75.16487099999999,Moonlight Diner
40.0679257,-75.0068783,Dunkin'
39.92175439999999,-75.14627949999999,Boston Market
40.11413599999999,-75.2144005,Tamarindos
40.1015816,-75.0283848,Prince Of Pizza & Falafel
39.9848923,-75.1241885,Steaks N' Shakes
40.00329159999999,-75.1240877,4 Seasons Mexican Restaurant
39.9403337,-75.2611861,P & P Sea Food
39.96226839999999,-75.2412858,Liberty Halal Gyro
39.9496657,-75.143277,Drinker's Tavern
39.959686,-75.16360399999999,West Tavern
39.9543003,-75.2583598,Royal Palace & Banquet Hall
39.95393899999999,-75.21163899999999,The Green Line Cafe
40.14982500000001,-74.977054,Wawa
39.8773248,-75.2403549,Chickie’s & Pete’s
40.0752078,-75.2045457,Fiesta Pizza III
39.948613,-75.17403399999999,Twenty Manning Grill
39.989871,-75.1848569,A-Taste of Culture
40.034817,-75.2163988,Lennies Hoagies
40.078697,-75.12775599999999,Rita's Italian Ice & Frozen Custard
40.05724589999999,-75.01385719999999,Stella's Pizzeria
40.132337,-75.0109,La Casa Di Lucia Italian Restaurant & Bar
40.00700689999999,-75.1231463,BP
39.8650644,-75.1776345,Pats Select Pizza | Grill
39.962189,-75.24057499999999,60TH MARKET DINER (Tony formerly)
39.963855,-75.2360729,Kevin Horne
39.95433679999999,-75.22623039999999,China House
40.0885409,-75.038252,Steve Stein's Famous Deli
39.87722279999999,-75.2405134,Smashburger
40.034881,-75.06621899999999,Spanish Island Restaurant
39.9932516,-75.0924963,Applebee's Grill + Bar
40.03485,-75.21695,Santucci's Original Square Pizza Roxborough
40.05321349999999,-75.1859116,Hong Kong Restaurant
40.0368702,-75.0399058,Aya Asian Fusion
39.9465,-75.161765,Mercato BYOB
39.98355100000001,-75.125882,Four Sons Pizzeria
